ColumnID,Num_ColumnID,Table_ID,Num_Table_ID,Table_Name,Column_Name
9AC58E1D-7D16-DCDB-E479-A23E750BB7E8,83,35362C93-5A3E-0B64-5C5D-03D4F129BCA5,72,"Activity","Activity_ID",
D2C3F78D-469E-5903-1074-83CD3D39BCE5,103,331A1377-6EA0-79F2-620C-3FF8D25BC6C8,73,"Customer","Package_Id",
D28247B5-0F50-5C00-9C5F-E49CD8854722,87,331A1377-6EA0-79F2-620C-3FF8D25BC6C8,73,"Customer","Customer_ID",
EE3731A5-A238-4083-6FB8-DF7D700591BB,92,896E9E22-92BB-B5DD-682B-B39157A7EB03,74,"Designation","Designation_Id",
43C6BE60-8B6A-B544-DA2E-7B638365C874,95,5E0F02BA-E773-F4F7-DD57-D3D924F15A4E,75,"Destination","Destination_ID",
C4722BE1-C1BD-6DA6-7E96-22B06DEC0ACF,101,15A18D05-3670-4E82-C1DE-F33D65AC5496,76,"Package","Package_ID",
C8F299B1-8B5B-FCE9-F871-684172126076,89,44C2606A-4710-3433-D143-1456D4AB1750,77,"PackageActivity","Day",
5DB50F2B-A6EA-FD40-15E5-8BFDEFE5937E,104,44C2606A-4710-3433-D143-1456D4AB1750,77,"PackageActivity","Package_Id",
7D0700D0-BE75-FB6D-889C-A3C121EDAB53,84,44C2606A-4710-3433-D143-1456D4AB1750,77,"PackageActivity","Activity_ID",
8E1F371D-2E26-09AA-A392-9DBFACC514BE,116,44C2606A-4710-3433-D143-1456D4AB1750,77,"PackageActivity","TourGuide_ID",
0DD51D57-EBCB-D082-7E90-DEBB30357888,106,88959D74-1FE2-2E76-769E-8539A46428F0,78,"PackageDays","Package_Id",
36DA1007-C226-1966-4933-FD73C77995BC,90,88959D74-1FE2-2E76-769E-8539A46428F0,78,"PackageDays","Day",
756F2CA7-2C19-632F-90FD-463E6CFE7FBB,105,689D9F50-A09B-20AE-D9E6-39F0EEC7824B,79,"PackageDestination","Package_Id",
F25E7A1F-1F20-C99A-56BC-0CCB7B553C0A,96,689D9F50-A09B-20AE-D9E6-39F0EEC7824B,79,"PackageDestination","Destination_ID",
21E0CA05-1033-7D11-10E8-093A92957800,111,E605240A-2EA9-15C6-26F1-4EE3CE08D030,80,"Staff","Staff_ID",
B12032A0-738A-E7F6-7DF5-8FCB32E67416,110,1FDCAA50-BF3C-C8E5-11BB-B2837D171FAA,81,"TourGuide","Staff_ID",
932983A2-365C-2694-34FF-742B57CADCD8,102,1FDCAA50-BF3C-C8E5-11BB-B2837D171FAA,81,"TourGuide","Package_ID",
